source,target,relation
Holzweiler,Aliquan,featured
Holzweiler,Mjosa,styled
White,Melange,has
White,Melange,has
Pink,Sweater,has
Pink,Floral,has
Pink,Dress,gives
Pink,Dress,gives
Sweater,Aurora,has
Sweater,Aspøy,dropped
blouse,balloon,has
blouse,Kjeåsen,highlight
blouse,silk,features
blouse,necklie,Hurry
blouse,wrap,has
blouse,wrap,has
blouse,wrap,has
blouse,Fatima,features
blouse,Mary,Fits
blouse,Lime,has
balloon,velvety,knit
Moraine,Print,fitted
Print,Raff,has
Print,Raff,has
Print,Lava,gives
dress,evening,ruched
dress,evening,provide
dress,sleeve,features
dress,sleeve,features
dress,wrap,makes
dress,wrap,features
dress,wrap,made
dress,wrap,gives
dress,wrap,Look
dress,wrap,dropped
dress,crepe,falls
dress,lace,made
dress,lace,has
dress,lace,sleeve
dress,bead,provides
dress,date,features
dress,event,want
dress,event,shine
dress,Wava,ends
dress,color,features
dress,color,makes
dress,tube,has
dress,Irina,features
dress,body,features
dress,body,has
dress,GANNI,sits
dress,dress,Wear
dress,print,features
dress,wool,fitted
dress,wool,banded
dress,sleeves,has
dress,sleeves,has
dress,Enjoy,wear
dress,Enjoy,wear
dress,collection,add
dress,ways,knit
dress,Ganni,beaded
dress,flower,features
dress,buttons,closes
dress,Kora,cut
dress,knee,cut
dress,Mads,has
dress,swing,made
dress,work,used
dress,viscose,fitted
dress,silhouette,features
dress,Esilca,sleeved
dress,Bandage,detailing
dress,length,has
dress,fun,has
dress,lilac,features
dress,movie,adds
dress,halter,has
dress,party,gives
dress,boots,makes
dress,zipper,features
dress,look,comes
dress,IRO,worn
dress,features,has
dress,gold,combines
dress,polyester,drying
dress,Kaftan,Say
dress,Sanne,has
dress,dream,has
dress,summer,comes
dress,lapel,features
dress,babydoll,cut
jacket,puffer,features
jacket,women,made
jacket,suit,comes
jacket,statement,need
jacket,Chipo,go
jacket,shirt,frayed
Petrina,Jacket,made
Jacket,Hennie,made
Jacket,Camilla,has
Jacket,Tirill,complements
Jacket,Dråpe,pack
Jacket,Long,made
Jacket,Khaki,quilted
Jacket,Fish,patterned
statement,skirt,lets
statement,coat,keep
statement,Eseca,Embellished
skirt,knees,closes
skirt,knees,closes
skirt,midi,Pair
skirt,ruffles,knit
skirt,fit,features
skirt,pull,folded
skirt,Stranda,waisted
skirt,Dagny,made
skirt,thread,knitted
skirt,thread,knitted
skirt,lace,flared
skirt,lace,Netting
skirt,turtleneck,want
skirt,wrap,lined
skirt,hem,makes
skirt,pencil,cut
heads,blazer,Turn
blazer,glitter,cut
blazer,buttons,has
blazer,stretch,wear
blazer,classic,checkered
blazer,split,features
blazer,look,flared
sleeve,cardi,runs
sleeve,Annika,features
Noah,Scarf,made
Noah,Scarf,made
Noemi,midi,has
Broderie,Anglaise,flowing
Broderie,Anglaise,has
Kari,Traa,keep
Kari,Traa,treated
Kari,Traa,has
Kari,Traa,used
Kari,Traa,treated
Kari,Traa,treated
Kari,Traa,lined
Mira,Earrings,elongates
Earrings,Joan,recommend
Earrings,Ark,hang
Earrings,Kennedy,designed
navy,staple,knit
navy,jumpsuit,go
Flerken,Winter,contrasting
Flerken,Winter,contrasting
Flerken,Wrap,wear
men,shirt,has
shirt,Kamille,Dress
shirt,t,made
shirt,Baobab,adds
shirt,Baobab,adds
shirt,Borger,sleeved
shirt,Borger,sleeved
jumpsuit,Bianca,features
jumpsuit,chiffon,has
jumpsuit,cap,features
jumpsuit,piece,designed
Crossover,bag,made
bag,party,comes
Tulum,Blouse,has
Blouse,Marta,has
Blouse,Asolo,Wear
Blouse,Cordelia,makes
Blouse,Carrie,has
Lydia,Rib,features
lace,fun,features
lace,fun,features
fun,neck,looks
Millen,Blazer,features
Blazer,Platinum,has
Skunk,Trousers,made
Julli,Linen,has
Linen,Silja,has
Bumble,Midi,flowing
Midi,Paula,smocked
suede,leather,make
leather,eye,makes
leather,shorts,features
Oda,Denim,recycled
Denim,Maya,stops
Vibes,Knit,comes
Knit,Fam,NOTE
Knit,Acasia,set
Knit,Dense,have
kaftan,trousers,used
trousers,Alvhild,detailing
Aia,G,features
Ilse,Sun,comes
wrap,length,Tie
wrap,length,makes
wrap,Nicoline,has
wrap,Nicoline,has
wrap,gown,closes
Ella,Coat,comes
Coat,Sigurd,features
Coat,Lyn,made
sweatshirt,sweatshirts,inspired
sweatshirt,retro,sold
fur,work,sleeved
fur,coat,make
work,Classic,works
work,Classic,works
Bettina,Dress,deserves
Dress,Nuha,has
Dress,Adelaide,cut
Dress,Iza,has
Dress,Eli,has
Dress,Awinita,features
Dress,Keeler,has
Dress,Hidra,come
Dress,Marte,features
Dress,Ferdinand,features
Dress,Ferdinand,features
Dress,Valencia,has
Dress,Linea,cut
Dress,Lucy,comes
Dress,Shakti,dressed
Dress,Inana,has
Dress,Madison,become
Dress,Drew,makes
Dress,Gail,cut
Dress,Bodil,features
Dress,Adela,comes
Dress,Blumea,features
Dress,Søgne,made
Dress,Elsie,features
Dress,Willow,closes
Dress,Una,comes
Dress,T,shaped
Jayden,Isabel,works
power,look,accentuate
look,sweater,Feel
look,sweater,has
FWSS,Gitte,cut
FWSS,Ain´t,features
FWSS,Sealiner,features
FWSS,sweater,throw
Pouch,Beaded,embroidered
sleeves,waist,feels
Pippi,Crossbody,has
Pippi,Crossbody,has
Behar,Pullover,gives
Behar,Pullover,gives
Fam,Short,NOTE
Fam,Short,NOTE
Short,Draped,has
Short,Freedom,corduroy
Short,Debbie,features
Pale,Rose,has
Rose,Alpine,features
gold,silver,plated
silver,Gold,plated
Roamer,Pants,lets
Pants,Amber,makes
Pants,Concept,have
Pants,Power,love
Pants,Peak,made
Pants,Vittie,taken
Pants,Lena,have
Marlene,Psychedelic,cut
fit,Tiana,comes
fit,Tiana,comes
vegan,length,makes
length,ankle,looks
dresses,Cathrine,comes
dresses,summer,says
Bianca,Lace,has
Bianca,Lace,has
Advance,Primaloft,has
Mikine,Skirt,has
Skirt,Wool,knitted
Skirt,Kitty,waisted
Skirt,Merino,have
suit,pants,looks
Stage,Serenity,sunglasses
Audette,Rodebjer,made
Rodebjer,Vatusia,ends
Rodebjer,Francisca,knitted
Rodebjer,pant,Sigrid
broderie,anglaise,features
fabric,sweater,brighten
sweater,hand,features
sweater,color,Perfect
sweater,fall,checkered
sweater,neck,features
sweater,orange,give
sweater,boatneck,has
sweater,cardigan,Inspired
sweater,Square,knit
Wool,Sealiner,comes
Wool,Patchwork,made
neckwarmer,zip,keep
Floral,Augusta,features
Tendai,Knitted,fitted
Tendai,Knitted,fitted
Eli,Slit,have
cardigan,v,features
cardigan,fashion,combines
cardigan,fashion,combines
cardigan,fashion,combines
v,neck,make
age,scene,Dress
Jambo,Delicate,has
Plate,necklaces,go
summer,weddings,adds
summer,weddings,adds
summer,weddings,adds
summer,sense,features
V,neck,makes
V,neck,has
V,Rid,has
Tuxedo,Shirt,has
Shirt,Sofia,features
Shirt,Route,dries
Shirt,Korina,has
Shirt,Kiss,makes
Voss,Ski,made
Voss,Hiking,sealed
Voss,Hiking,sealed
Ski,Benedicte,gives
Thea,Shoulder,comes
Shoulder,Brigitte,features
Shoulder,Faye,has
Woopsidaisy,cotton,comes
neckline,hem,features
Red,Plissé,features
Red,Plissé,features
Lace,Flynn,contrasting
Aden,Pant,recommend
Lenient,cocktail,has
SILFEN,sweetheart,has
Milla,safari,want
Milla,safari,want
Milla,safari,want
wool,jumper,spends
Misu,Large,has
Limon,Wrapskirt,cut
party,center,has
Urban,Pioneers,fitted
Urban,Pioneers,perfect
Urban,Pioneers,features
Urban,Pioneers,features
Urban,Pioneers,viscose
Embrace,leopard,makes
Ane,Hiking,prevents
Square,dungarees,’s
Boucle,scarf,blend
Skye,Glitter,built
Glitter,NW,Shine
Sainte,Marie,features
Florens,Sweatshirt,gives
Duntie,Yellow,features
print,flower,worn
Cami,Vest,inspired
Vest,Mags,knitted
Long,Odette,gathered
Long,Miami,features
Long,Aldi,features
Long,Dawn,ensures
Long,Agnete,works
YasmineW,Firm,has
YasmineW,Firm,has
High,Pressure,sleeved
Zebra,pattern,knitted
supersoft,mohair,knit
silhouette,Lun,becomes
love,fall,Fall
Millie,Black,built
Black,Shiny,recommend
Black,Shiny,made
update,Dale,updated
Merino,Emile,has
Ruth,everyday,textured
Isadora,Faithful,shirred
Self,Portrait,features
style,push,Give
jackets,denim,has
Chiffon,Mini,has
Mini,Multicolored,features
Vegan,shoulder,dyed
ski,pants,protect
pants,belt,feature
BRGN,Reign,has
Belinda,Cotton,flows
Belinda,Riccovero,has
garment,vest,used
garment,vest,used
gown,Ralph,made
gown,features,has
Potter,Solid,end
crewneck,%,has
spring,breeze,bow
orange,layers,burnt
Aster,Uni,made
Shiny,Lapel,features
Live,Fake,features
Vince,shorts,made
Vince,Slip,Panelled
shorts,blend,made
shorts,waistline,features
knee,summery,add
mini,-,add
Orion,MW,welt
tank,turtleneck,knitted
tank,turtleneck,knitted
Vipe,Neckwarmer,knitted
Wrap,Thulla,has
Wrap,Sage,ties
Holzeweiler,Orange,worn
weight,coat,comes
Jolie,Hoodie,has
Cava,Pencil,covered
Maja,Fleece,has
Tulip,Jumpsuit,features
Benedichte,Dot,has
Benedichte,Dot,has
Dot,Polka,make
Cream,Violet,made
Gold,hoops,look
Gold,Mildred,leading
Lena,effortless,made
Langli,Pile,made
Kate,Spade,features
Kate,Turtleneck,made
handmade,jewelry,made
Victoria,C,has
Ann,Karin,made
Cocktail,Velvet,has
Røthe,Windbreaker,has
ceiling,block,Dress
Så,Liten,worn
Så,Liten,fits
Issey,Kupong,made
Lieben,Jeans,cropped
Oldina,Parka,combines
Oldina,Parka,combines
Playful,Pegasus,fastening
Turid,Necklace,plated
40s,Favourite,has
trouser,leg,dressed
Marcia,Morais,features
Beige,Paper,going
Bris,Poncho,become
earrings,dreams,measure
asymetric,cut,features
Sequins,Puff,has
business,meeting,Own
business,meeting,Own
Demora,Marina,made
Mamaba,Cardigan,wear
Original,Islender,ribbed
Fumo,clutch,has
Legendary,Neverfull,fit
HAR,BLITT,LEIES
